Percentile	0.0	25.0	50.0	75.0	100.0	0.0	25.0	50.0	75.0	100.0
Group	CD	CD	CD	CD	CD	Control	Control	Control	Control	Control
d__Bacteria;p__Firmicutes;c__Clostridia;o__Peptococcales;f__Peptococcaceae;g__Peptococcus	1.0	1.0	1.0	1.0	65.0	1.0	1.0	1.0	1.0	26.0
d__Bacteria;p__Firmicutes;c__Clostridia;o__Oscillospirales;f__Ruminococcaceae;g__Subdoligranulum	1.0	1.0	197.5	1092.0	2061.0	1.0	670.75	972.0	1400.0	3912.0
d__Bacteria;p__Firmicutes;c__Clostridia;o__Lachnospirales;f__Lachnospiraceae;__	601.0	815.0	1401.5	2275.5	6986.0	1.0	939.5	1043.0	1424.75	2539.0
d__Bacteria;p__Firmicutes;c__Clostridia;o__Oscillospirales;f__Ruminococcaceae;g__UBA1819	1.0	1.0	9.0	27.5	466.0	1.0	1.0	2.5	8.75	30.0
d__Bacteria;p__Firmicutes;c__Clostridia;o__Oscillospirales;f__Ruminococcaceae;g__uncultured	1.0	1.0	1.0	1.0	140.0	1.0	1.0	1.0	3.25	126.0
d__Bacteria;p__Firmicutes;c__Clostridia;o__Oscillospirales;f__Ruminococcaceae;g__Faecalibacterium	1.0	93.5	1428.5	2493.5	4290.0	1.0	1299.25	2243.0	3835.25	6399.0
d__Bacteria;p__Firmicutes;c__Clostridia;o__Oscillospirales;f__Ruminococcaceae;__	1.0	1.0	6.0	252.0	2028.0	1.0	37.0	486.0	905.5	1316.0
d__Bacteria;p__Firmicutes;c__Clostridia;o__Lachnospirales;f__Lachnospiraceae;g__Lachnospiraceae_UCG-010	1.0	1.0	3.0	20.75	104.0	1.0	3.25	11.0	26.0	87.0
d__Bacteria;__;__;__;__;__	1.0	1.0	1.0	3.75	39.0	1.0	1.0	5.0	8.75	32.0
d__Bacteria;p__Bacteroidota;c__Bacteroidia;o__Bacteroidales;f__Bacteroidaceae;g__Bacteroides	1.0	1458.0	2285.5	3163.0	8941.0	15.0	853.25	1749.0	2844.5	7481.0
d__Bacteria;p__Firmicutes;c__Clostridia;__;__;__	1.0	1.0	1.0	4.0	327.0	1.0	4.5	24.0	62.75	402.0
d__Bacteria;p__Firmicutes;c__Clostridia;o__Oscillospirales;f__Ruminococcaceae;g__Anaerofilum	1.0	1.0	1.0	1.0	4.0	1.0	1.0	1.0	1.0	1.0
d__Bacteria;p__Firmicutes;c__Clostridia;o__Oscillospirales;f__Ruminococcaceae;g__Fournierella	1.0	1.0	1.0	1.0	1.0	1.0	1.0	1.0	13.25	47.0
d__Bacteria;p__Firmicutes;c__Bacilli;o__Erysipelotrichales;f__Erysipelatoclostridiaceae;g__Erysipelatoclostridium	1.0	1.0	17.0	45.0	2066.0	1.0	1.0	5.0	11.75	102.0
d__Archaea;p__Euryarchaeota;c__Methanobacteria;o__Methanobacteriales;f__Methanobacteriaceae;g__Methanobrevibacter	1.0	1.0	1.0	1.0	68.0	1.0	1.0	1.0	1.0	503.0
d__Bacteria;p__Bacteroidota;c__Bacteroidia;o__Bacteroidales;f__Marinifilaceae;g__Butyricimonas	1.0	1.0	1.0	1.0	182.0	1.0	1.0	1.0	7.0	40.0
d__Bacteria;p__Actinobacteriota;c__Coriobacteriia;o__Coriobacteriales;f__Eggerthellaceae;__	1.0	1.0	1.0	1.0	5.0	1.0	1.0	1.0	1.0	6.0
d__Bacteria;p__Cyanobacteria;c__Cyanobacteriia;o__Chloroplast;f__Chloroplast;g__Chloroplast	1.0	1.0	1.0	1.0	80.0	1.0	1.0	1.0	1.0	1.0
d__Bacteria;p__Proteobacteria;c__Alphaproteobacteria;o__Rickettsiales;f__Mitochondria;g__Mitochondria	1.0	1.0	1.0	1.0	17.0	1.0	1.0	1.0	1.0	1.0
d__Bacteria;p__Proteobacteria;c__Gammaproteobacteria;o__Pseudomonadales;f__Pseudomonadaceae;g__Pseudomonas	1.0	1.0	1.0	1.0	1.0	1.0	1.0	1.0	1.0	6.0
d__Bacteria;p__Verrucomicrobiota;c__Verrucomicrobiae;o__Verrucomicrobiales;f__Akkermansiaceae;g__Akkermansia	1.0	1.0	1.0	144.75	1046.0	1.0	1.0	21.0	86.0	785.0
d__Bacteria;p__Firmicutes;c__Bacilli;o__Izemoplasmatales;f__Izemoplasmatales;g__Izemoplasmatales	1.0	1.0	1.0	1.0	4.0	1.0	1.0	1.0	1.0	25.0
d__Archaea;p__Euryarchaeota;c__Methanobacteria;o__Methanobacteriales;f__Methanobacteriaceae;g__Methanosphaera	1.0	1.0	1.0	1.0	1.0	1.0	1.0	1.0	1.0	7.0
d__Bacteria;p__Proteobacteria;c__Alphaproteobacteria;o__Rhodospirillales;f__uncultured;g__uncultured	1.0	1.0	1.0	1.0	5.0	1.0	1.0	1.0	1.0	30.0
d__Bacteria;p__Bacteroidota;c__Bacteroidia;o__Bacteroidales;f__Prevotellaceae;g__Paraprevotella	1.0	1.0	1.0	1.0	1.0	1.0	1.0	1.0	24.0	744.0
d__Bacteria;p__Bacteroidota;c__Bacteroidia;o__Bacteroidales;f__Barnesiellaceae;g__Coprobacter	1.0	1.0	1.0	1.0	26.0	1.0	1.0	1.0	1.0	11.0
d__Bacteria;p__Bacteroidota;c__Bacteroidia;o__Bacteroidales;f__Barnesiellaceae;g__uncultured	1.0	1.0	1.0	1.0	1.0	1.0	1.0	1.0	1.0	8.0
d__Bacteria;p__Bacteroidota;c__Bacteroidia;o__Bacteroidales;f__Prevotellaceae;g__uncultured	1.0	1.0	1.0	1.0	1.0	1.0	1.0	1.0	1.0	40.0
d__Bacteria;p__Bacteroidota;c__Bacteroidia;o__Bacteroidales;f__Prevotellaceae;__	1.0	1.0	1.0	1.0	350.0	1.0	1.0	1.0	1.0	247.0
d__Bacteria;p__Bacteroidota;c__Bacteroidia;o__Bacteroidales;f__Prevotellaceae;g__Prevotellaceae_NK3B31_group	1.0	1.0	1.0	1.0	1.0	1.0	1.0	1.0	1.0	381.0
d__Bacteria;p__Bacteroidota;c__Bacteroidia;o__Bacteroidales;f__Prevotellaceae;g__Alloprevotella	1.0	1.0	1.0	1.0	1.0	1.0	1.0	1.0	1.0	174.0
d__Bacteria;p__Bacteroidota;c__Bacteroidia;o__Bacteroidales;f__Prevotellaceae;g__Prevotella_9	1.0	1.0	1.0	1.0	7390.0	1.0	1.0	1.0	889.25	6044.0
d__Bacteria;p__Bacteroidota;c__Bacteroidia;o__Bacteroidales;f__Prevotellaceae;g__Prevotella	1.0	1.0	1.0	1.0	5.0	1.0	1.0	1.0	1.0	2382.0
d__Bacteria;p__Bacteroidota;c__Bacteroidia;o__Bacteroidales;f__Prevotellaceae;g__Prevotella_7	1.0	1.0	1.0	1.0	1.0	1.0	1.0	1.0	1.0	104.0
d__Bacteria;p__Bacteroidota;c__Bacteroidia;o__Bacteroidales;f__Rikenellaceae;g__Alistipes	1.0	2.0	48.0	156.75	2165.0	1.0	52.5	139.5	269.5	732.0
d__Bacteria;p__Bacteroidota;c__Bacteroidia;__;__;__	1.0	1.0	1.0	1.0	17.0	1.0	1.0	1.0	1.0	8.0
d__Bacteria;p__Bacteroidota;c__Bacteroidia;o__Bacteroidales;f__Porphyromonadaceae;g__Porphyromonas	1.0	1.0	1.0	1.0	58.0	1.0	1.0	1.0	1.0	4.0
d__Bacteria;p__Firmicutes;c__Clostridia;o__Oscillospirales;f__Oscillospiraceae;__	1.0	1.0	11.5	33.75	507.0	1.0	22.25	68.0	95.5	352.0
d__Bacteria;p__Bacteroidota;c__Bacteroidia;o__Bacteroidales;__;__	1.0	1.0	1.0	1.0	469.0	1.0	1.0	1.0	2.5	86.0
d__Bacteria;p__Bacteroidota;c__Bacteroidia;o__Bacteroidales;f__Tannerellaceae;g__Parabacteroides	1.0	1.0	12.5	143.75	577.0	1.0	26.25	75.5	136.75	414.0
d__Bacteria;p__Bacteroidota;c__Bacteroidia;o__Bacteroidales;f__Rikenellaceae;__	1.0	1.0	1.0	1.0	216.0	1.0	1.0	1.0	1.0	1.0
d__Bacteria;p__Bacteroidota;c__Bacteroidia;o__Bacteroidales;f__Tannerellaceae;g__Tannerellaceae	1.0	1.0	1.0	1.0	115.0	1.0	1.0	1.0	1.0	20.0
d__Bacteria;p__Bacteroidota;c__Bacteroidia;o__Bacteroidales;f__Barnesiellaceae;g__Barnesiella	1.0	1.0	1.0	1.0	910.0	1.0	1.0	22.5	96.75	465.0
d__Bacteria;p__Bacteroidota;c__Bacteroidia;o__Bacteroidales;f__Muribaculaceae;g__Muribaculaceae	1.0	1.0	1.0	1.0	178.0	1.0	1.0	1.0	1.0	727.0
d__Bacteria;p__Bacteroidota;c__Bacteroidia;o__Bacteroidales;f__Marinifilaceae;g__Odoribacter	1.0	1.0	1.0	14.25	523.0	1.0	4.25	11.0	20.75	70.0
d__Bacteria;p__Bacteroidota;c__Bacteroidia;o__Bacteroidales;f__Rikenellaceae;g__Rikenella	1.0	1.0	1.0	1.0	5.0	1.0	1.0	1.0	1.0	1.0
d__Bacteria;p__Desulfobacterota;c__Desulfovibrionia;o__Desulfovibrionales;f__Desulfovibrionaceae;g__Bilophila	1.0	1.0	11.5	43.75	149.0	1.0	3.25	21.0	35.0	106.0
d__Bacteria;p__Desulfobacterota;c__Desulfovibrionia;o__Desulfovibrionales;f__Desulfovibrionaceae;g__Desulfovibrio	1.0	1.0	1.0	1.0	335.0	1.0	1.0	1.0	1.0	79.0
d__Bacteria;p__Proteobacteria;c__Gammaproteobacteria;o__Enterobacterales;f__Morganellaceae;__	1.0	1.0	1.0	1.0	6.0	1.0	1.0	1.0	1.0	1.0
d__Bacteria;p__Proteobacteria;c__Gammaproteobacteria;o__Enterobacterales;__;__	1.0	1.0	1.0	1.0	9.0	1.0	1.0	1.0	1.0	1.0
d__Bacteria;p__Proteobacteria;c__Gammaproteobacteria;o__Enterobacterales;f__Enterobacteriaceae;__	1.0	1.0	1.0	1.0	666.0	1.0	1.0	1.0	1.0	14.0
d__Bacteria;p__Proteobacteria;c__Gammaproteobacteria;o__Enterobacterales;f__Enterobacteriaceae;g__Escherichia-Shigella	1.0	1.75	15.5	173.25	4052.0	1.0	1.0	1.0	13.5	876.0
d__Bacteria;p__Campylobacterota;c__Campylobacteria;o__Campylobacterales;f__Campylobacteraceae;g__Campylobacter	1.0	1.0	1.0	1.0	12.0	1.0	1.0	1.0	1.0	1.0
d__Bacteria;p__Cyanobacteria;c__Vampirivibrionia;o__Gastranaerophilales;f__Gastranaerophilales;g__Gastranaerophilales	1.0	1.0	1.0	1.0	4.0	1.0	1.0	1.0	1.0	27.0
d__Bacteria;p__Proteobacteria;c__Gammaproteobacteria;o__Enterobacterales;f__Pasteurellaceae;__	1.0	1.0	1.0	1.0	39.0	1.0	1.0	1.0	1.0	12.0
d__Bacteria;p__Desulfobacterota;c__Desulfovibrionia;o__Desulfovibrionales;f__Desulfovibrionaceae;g__uncultured	1.0	1.0	1.0	1.0	49.0	1.0	1.0	1.0	1.0	6.0
d__Bacteria;p__Firmicutes;c__Clostridia;o__Lachnospirales;f__Lachnospiraceae;g__Lactonifactor	1.0	1.0	1.0	1.0	30.0	1.0	1.0	1.0	1.0	1.0
d__Bacteria;p__Firmicutes;c__Clostridia;o__Peptostreptococcales-Tissierellales;f__Family_XI;g__Anaerococcus	1.0	1.0	1.0	1.0	6.0	1.0	1.0	1.0	1.0	3.0
d__Bacteria;p__Firmicutes;c__Clostridia;o__Lachnospirales;f__Lachnospiraceae;g__[Ruminococcus]_gnavus_group	1.0	6.75	36.5	293.75	884.0	1.0	1.0	1.0	13.75	684.0
d__Bacteria;p__Firmicutes;c__Clostridia;o__Oscillospirales;__;__	1.0	1.0	1.0	6.25	40.0	1.0	1.0	5.5	8.75	21.0
d__Bacteria;p__Firmicutes;c__Clostridia;o__Oscillospirales;f__Ruminococcaceae;g__Candidatus_Soleaferrea	1.0	1.0	1.0	1.0	4.0	1.0	1.0	1.0	1.0	3.0
d__Bacteria;p__Firmicutes;c__Clostridia;o__Clostridia_vadinBB60_group;f__Clostridia_vadinBB60_group;g__Clostridia_vadinBB60_group	1.0	1.0	1.0	1.0	131.0	1.0	1.0	1.0	7.0	32.0
d__Bacteria;p__Firmicutes;__;__;__;__	1.0	1.0	1.0	1.0	8.0	1.0	1.0	1.0	5.25	40.0
d__Bacteria;p__Firmicutes;c__Clostridia;o__Oscillospirales;f__[Eubacterium]_coprostanoligenes_group;g__[Eubacterium]_coprostanoligenes_group	1.0	1.0	7.0	166.0	595.0	1.0	89.0	153.0	327.75	931.0
d__Bacteria;p__Firmicutes;c__Negativicutes;o__Veillonellales-Selenomonadales;f__Selenomonadaceae;g__Megamonas	1.0	1.0	1.0	1.0	1.0	1.0	1.0	1.0	1.0	42.0
d__Bacteria;p__Firmicutes;c__Bacilli;o__Erysipelotrichales;f__Erysipelotrichaceae;g__Catenisphaera	1.0	1.0	1.0	1.0	1642.0	1.0	1.0	1.0	1.0	8.0
d__Bacteria;p__Firmicutes;c__Clostridia;o__Oscillospirales;f__Ruminococcaceae;g__CAG-352	1.0	1.0	1.0	1.0	48.0	1.0	1.0	1.0	1.0	1191.0
d__Bacteria;p__Firmicutes;c__Clostridia;o__Oscillospirales;f__Butyricicoccaceae;g__uncultured	1.0	1.0	1.0	1.0	1.0	1.0	1.0	1.0	27.75	75.0
d__Bacteria;p__Firmicutes;c__Clostridia;o__Oscillospirales;f__Butyricicoccaceae;__	1.0	1.0	1.0	1.0	5.0	1.0	1.0	1.0	1.0	1.0
d__Bacteria;p__Firmicutes;c__Clostridia;o__Oscillospirales;f__Butyricicoccaceae;g__Butyricicoccus	1.0	1.0	6.0	16.0	134.0	1.0	7.0	23.0	72.0	119.0
d__Bacteria;p__Actinobacteriota;c__Coriobacteriia;o__Coriobacteriales;f__Coriobacteriales_Incertae_Sedis;g__uncultured	1.0	1.0	1.0	1.0	64.0	1.0	1.0	1.0	3.0	24.0
d__Bacteria;p__Firmicutes;c__Bacilli;o__RF39;f__RF39;g__RF39	1.0	1.0	1.0	1.0	11.0	1.0	1.0	1.0	11.0	214.0
d__Bacteria;p__Firmicutes;c__Clostridia;o__Clostridia_UCG-014;f__Clostridia_UCG-014;g__Clostridia_UCG-014	1.0	1.0	1.0	1.0	685.0	1.0	1.0	13.5	42.5	866.0
d__Bacteria;p__Firmicutes;c__Clostridia;o__Peptococcales;f__Peptococcaceae;g__uncultured	1.0	1.0	1.0	1.0	7.0	1.0	1.0	1.0	1.0	14.0
d__Bacteria;p__Firmicutes;c__Clostridia;o__Christensenellales;f__Christensenellaceae;g__uncultured	1.0	1.0	1.0	1.0	16.0	1.0	1.0	1.0	5.0	11.0
d__Bacteria;p__Firmicutes;c__Clostridia;o__Christensenellales;f__Christensenellaceae;g__Catabacter	1.0	1.0	1.0	1.0	5.0	1.0	1.0	1.0	1.0	1.0
d__Bacteria;p__Firmicutes;c__Clostridia;o__Christensenellales;f__Christensenellaceae;g__Christensenella	1.0	1.0	1.0	1.0	4.0	1.0	1.0	1.0	1.0	6.0
d__Bacteria;p__Firmicutes;c__Clostridia;o__Oscillospirales;f__Ruminococcaceae;g__Angelakisella	1.0	1.0	1.0	1.0	10.0	1.0	1.0	1.0	5.75	9.0
d__Bacteria;p__Firmicutes;c__Clostridia;o__Oscillospirales;f__Ruminococcaceae;g__Anaerotruncus	1.0	1.0	1.0	1.0	6.0	1.0	1.0	1.0	1.0	6.0
d__Bacteria;p__Firmicutes;c__Clostridia;o__Eubacteriales;f__Anaerofustaceae;g__Anaerofustis	1.0	1.0	1.0	1.0	4.0	1.0	1.0	1.0	1.0	1.0
d__Bacteria;p__Firmicutes;c__Clostridia;o__Oscillospirales;f__Oscillospiraceae;g__UCG-005	1.0	1.0	1.0	3.25	561.0	1.0	1.0	37.5	101.75	275.0
d__Bacteria;p__Firmicutes;c__Clostridia;o__Oscillospirales;f__Ruminococcaceae;g__Incertae_Sedis	1.0	11.25	41.0	115.0	1155.0	1.0	23.25	40.5	89.5	291.0
d__Bacteria;p__Firmicutes;c__Clostridia;o__Oscillospirales;f__Ruminococcaceae;g__DTU089	1.0	1.0	1.0	6.0	39.0	1.0	1.0	1.0	5.0	12.0
d__Bacteria;p__Firmicutes;c__Clostridia;o__Oscillospirales;f__Ruminococcaceae;g__Caproiciproducens	1.0	1.0	1.0	1.0	6.0	1.0	1.0	1.0	1.0	1.0
d__Bacteria;p__Firmicutes;c__Clostridia;o__Oscillospirales;f__Ruminococcaceae;g__Ruminococcus	1.0	1.0	18.0	410.0	2700.0	1.0	79.0	282.5	465.0	1742.0
d__Bacteria;p__Actinobacteriota;c__Coriobacteriia;o__Coriobacteriales;f__Eggerthellaceae;g__Eggerthella	1.0	1.0	1.0	1.0	23.0	1.0	1.0	1.0	1.0	11.0
d__Bacteria;p__Actinobacteriota;c__Coriobacteriia;o__Coriobacteriales;f__Eggerthellaceae;g__uncultured	1.0	1.0	1.0	1.0	51.0	1.0	1.0	1.0	10.0	95.0
d__Bacteria;p__Actinobacteriota;c__Coriobacteriia;o__Coriobacteriales;f__uncultured;g__uncultured	1.0	1.0	1.0	1.0	1.0	1.0	1.0	1.0	1.0	22.0
d__Bacteria;p__Firmicutes;c__Clostridia;o__Oscillospirales;f__[Clostridium]_methylpentosum_group;g__[Clostridium]_methylpentosum_group	1.0	1.0	1.0	1.0	15.0	1.0	1.0	1.0	1.0	4.0
d__Bacteria;p__Firmicutes;c__Clostridia;o__Oscillospirales;f__Oscillospirales;g__Hydrogenoanaerobacterium	1.0	1.0	1.0	1.0	1.0	1.0	1.0	1.0	1.0	6.0
d__Bacteria;p__Firmicutes;c__Clostridia;o__Oscillospirales;f__Ruminococcaceae;g__Phocea	1.0	1.0	1.0	1.0	7.0	1.0	1.0	1.0	1.0	1.0
d__Bacteria;p__Actinobacteriota;c__Actinobacteria;o__Bifidobacteriales;f__Bifidobacteriaceae;g__Bifidobacterium	1.0	169.5	626.5	2194.75	7606.0	4.0	778.75	1866.0	3296.75	16552.0
d__Bacteria;p__Actinobacteriota;c__Actinobacteria;o__Actinomycetales;f__Actinomycetaceae;g__Actinomyces	1.0	1.0	1.0	5.75	11.0	1.0	1.0	1.0	3.0	44.0
d__Bacteria;p__Actinobacteriota;c__Actinobacteria;o__Actinomycetales;f__Actinomycetaceae;g__Varibaculum	1.0	1.0	1.0	1.0	4.0	1.0	1.0	1.0	1.0	10.0
d__Bacteria;p__Actinobacteriota;c__Actinobacteria;o__Actinomycetales;f__Actinomycetaceae;g__Arcanobacterium	1.0	1.0	1.0	1.0	21.0	1.0	1.0	1.0	1.0	1.0
d__Bacteria;p__Actinobacteriota;c__Actinobacteria;o__Micrococcales;f__Micrococcaceae;g__Rothia	1.0	1.0	1.0	1.0	9.0	1.0	1.0	1.0	1.0	10.0
d__Bacteria;p__Actinobacteriota;c__Actinobacteria;o__Actinomycetales;f__Actinomycetaceae;g__F0332	1.0	1.0	1.0	1.0	4.0	1.0	1.0	1.0	1.0	1.0
d__Bacteria;p__Actinobacteriota;c__Actinobacteria;o__Actinomycetales;f__Actinomycetaceae;g__Actinobaculum	1.0	1.0	1.0	1.0	28.0	1.0	1.0	1.0	1.0	1.0
d__Bacteria;p__Actinobacteriota;c__Actinobacteria;o__Actinomycetales;f__Actinomycetaceae;g__Mobiluncus	1.0	1.0	1.0	1.0	3.0	1.0	1.0	1.0	1.0	1.0
d__Bacteria;p__Firmicutes;c__Clostridia;o__Lachnospirales;f__Lachnospiraceae;g__Lachnospiraceae_UCG-004	1.0	1.0	20.5	38.25	440.0	1.0	1.0	37.5	55.5	111.0
d__Bacteria;p__Firmicutes;c__Clostridia;o__Eubacteriales;f__Eubacteriaceae;g__Eubacterium	1.0	1.0	1.0	1.0	7.0	1.0	1.0	1.0	1.0	5.0
d__Bacteria;p__Firmicutes;c__Clostridia;o__Eubacteriales;f__Eubacteriaceae;g__Pseudoramibacter	1.0	1.0	1.0	1.0	5.0	1.0	1.0	1.0	1.0	1.0
d__Bacteria;p__Firmicutes;c__Clostridia;o__Lachnospirales;f__Lachnospiraceae;g__Anaerostipes	1.0	102.5	360.5	726.75	1641.0	1.0	194.0	311.5	402.5	1056.0
d__Bacteria;p__Firmicutes;c__Clostridia;o__Lachnospirales;f__Lachnospiraceae;g__Tuzzerella	1.0	1.0	1.0	1.0	131.0	1.0	1.0	1.0	1.0	1.0
d__Bacteria;p__Firmicutes;c__Clostridia;o__Lachnospirales;f__Lachnospiraceae;g__Anaerostignum	1.0	1.0	1.0	1.0	1.0	1.0	1.0	1.0	1.0	5.0
d__Bacteria;p__Firmicutes;c__Clostridia;o__Lachnospirales;f__Defluviitaleaceae;g__Defluviitaleaceae_UCG-011	1.0	1.0	1.0	4.0	17.0	1.0	1.0	4.0	7.75	27.0
d__Bacteria;p__Firmicutes;c__Clostridia;o__Lachnospirales;f__Lachnospiraceae;g__Epulopiscium	1.0	1.0	1.0	1.0	410.0	1.0	1.0	1.0	1.0	9.0
d__Bacteria;p__Firmicutes;c__Clostridia;o__Peptostreptococcales-Tissierellales;f__Anaerovoracaceae;g__[Eubacterium]_brachy_group	1.0	1.0	1.0	1.0	35.0	1.0	1.0	1.0	1.0	1.0
d__Bacteria;p__Firmicutes;c__Clostridia;o__Peptostreptococcales-Tissierellales;f__Anaerovoracaceae;g__Family_XIII_AD3011_group	1.0	1.0	1.0	1.0	42.0	1.0	1.0	9.0	22.0	60.0
d__Bacteria;p__Firmicutes;c__Clostridia;o__Peptostreptococcales-Tissierellales;f__Anaerovoracaceae;__	1.0	1.0	1.0	8.5	38.0	1.0	5.0	11.5	28.0	112.0
d__Bacteria;p__Firmicutes;c__Clostridia;o__Peptostreptococcales-Tissierellales;f__Anaerovoracaceae;g__Mogibacterium	1.0	1.0	1.0	1.0	16.0	1.0	1.0	1.0	1.0	3.0
d__Bacteria;p__Firmicutes;c__Bacilli;o__Acholeplasmatales;f__Acholeplasmataceae;g__Anaeroplasma	1.0	1.0	1.0	1.0	1.0	1.0	1.0	1.0	1.0	5.0
d__Bacteria;p__Actinobacteriota;c__Coriobacteriia;o__Coriobacteriales;f__Atopobiaceae;g__Atopobium	1.0	1.0	1.0	1.0	4.0	1.0	1.0	1.0	1.0	3.0
d__Bacteria;p__Firmicutes;c__Clostridia;o__Lachnospirales;f__Lachnospiraceae;g__[Ruminococcus]_gauvreauii_group	1.0	1.0	1.0	85.5	456.0	1.0	50.25	97.0	143.5	387.0
d__Bacteria;p__Firmicutes;c__Clostridia;o__Lachnospirales;f__Lachnospiraceae;g__Lachnoclostridium	1.0	24.75	80.0	267.25	4347.0	1.0	8.0	18.0	69.5	1287.0
d__Bacteria;p__Firmicutes;c__Clostridia;o__Lachnospirales;f__Lachnospiraceae;g__Lachnospiraceae_NK4B4_group	1.0	1.0	1.0	1.0	1.0	1.0	1.0	1.0	1.0	19.0
d__Bacteria;p__Firmicutes;c__Clostridia;o__Lachnospirales;f__Lachnospiraceae;g__Lachnospiraceae_UCG-001	1.0	1.0	1.0	1.0	87.0	1.0	1.0	1.0	22.25	95.0
d__Bacteria;p__Firmicutes;c__Clostridia;o__Lachnospirales;f__Lachnospiraceae;g__CHKCI001	1.0	1.0	1.0	1.0	68.0	1.0	1.0	1.0	1.0	1.0
d__Bacteria;p__Firmicutes;c__Clostridia;o__Lachnospirales;f__Lachnospiraceae;g__Blautia	1.0	1055.0	2111.0	3193.0	7538.0	1.0	1287.25	1512.5	1797.75	3982.0
d__Bacteria;p__Firmicutes;c__Clostridia;o__Lachnospirales;f__Lachnospiraceae;g__Fusicatenibacter	1.0	82.0	496.5	801.5	2655.0	1.0	287.5	561.5	864.75	1751.0
d__Bacteria;p__Firmicutes;c__Clostridia;o__Lachnospirales;f__Lachnospiraceae;g__Dorea	1.0	1.0	165.0	420.25	1749.0	1.0	265.0	358.0	493.75	1006.0
d__Bacteria;p__Firmicutes;c__Clostridia;o__Lachnospirales;f__Lachnospiraceae;g__Lachnospiraceae_NK4A136_group	1.0	1.0	1.0	1.0	31.0	1.0	1.0	1.0	1.0	1.0
d__Bacteria;p__Firmicutes;c__Clostridia;o__Lachnospirales;f__Lachnospiraceae;g__Eisenbergiella	1.0	1.0	4.5	21.25	239.0	1.0	1.0	1.0	1.0	14.0
d__Bacteria;p__Firmicutes;c__Clostridia;o__Lachnospirales;f__Lachnospiraceae;g__Robinsoniella	1.0	1.0	1.0	1.0	23.0	1.0	1.0	1.0	1.0	1.0
d__Bacteria;p__Firmicutes;c__Clostridia;o__Lachnospirales;f__Lachnospiraceae;g__Murimonas	1.0	1.0	1.0	1.0	8.0	1.0	1.0	1.0	1.0	1.0
d__Bacteria;p__Firmicutes;c__Clostridia;o__Lachnospirales;f__Lachnospiraceae;g__Marvinbryantia	1.0	1.0	1.0	1.0	25.0	1.0	1.0	12.0	30.0	209.0
d__Bacteria;p__Firmicutes;c__Clostridia;o__Lachnospirales;f__Lachnospiraceae;g__CAG-56	1.0	1.0	1.0	22.5	153.0	1.0	10.75	42.0	83.75	161.0
d__Bacteria;p__Firmicutes;c__Clostridia;o__Lachnospirales;f__Lachnospiraceae;g__Sellimonas	1.0	1.0	20.0	59.0	1112.0	1.0	1.0	1.0	1.0	21.0
d__Bacteria;p__Firmicutes;c__Clostridia;o__Lachnospirales;f__Lachnospiraceae;g__UC5-1-2E3	1.0	1.0	1.0	1.0	8.0	1.0	1.0	1.0	1.0	1.0
d__Bacteria;p__Firmicutes;c__Clostridia;o__Lachnospirales;f__Lachnospiraceae;g__Hungatella	1.0	1.0	1.0	9.75	79.0	1.0	1.0	1.0	1.0	35.0
d__Bacteria;p__Firmicutes;c__Clostridia;o__Lachnospirales;f__Lachnospiraceae;g__[Eubacterium]_fissicatena_group	1.0	1.0	1.0	1.0	18.0	1.0	1.0	1.0	1.0	1.0
d__Bacteria;p__Firmicutes;c__Clostridia;o__Lachnospirales;f__Lachnospiraceae;g__Lachnospiraceae_UCG-003	1.0	1.0	1.0	1.0	26.0	1.0	1.0	1.0	1.0	15.0
d__Bacteria;p__Firmicutes;c__Clostridia;o__Lachnospirales;f__Lachnospiraceae;g__Catenibacillus	1.0	1.0	1.0	1.0	12.0	1.0	1.0	1.0	1.0	5.0
d__Bacteria;p__Firmicutes;c__Clostridia;o__Lachnospirales;f__Lachnospiraceae;g__Frisingicoccus	1.0	1.0	1.0	1.0	30.0	1.0	1.0	1.0	1.0	1.0
d__Bacteria;p__Firmicutes;c__Clostridia;o__Lachnospirales;f__Lachnospiraceae;g__GCA-900066575	1.0	1.0	1.0	4.0	213.0	1.0	1.0	1.0	8.0	25.0
d__Bacteria;p__Firmicutes;c__Clostridia;o__Lachnospirales;f__Lachnospiraceae;g__Coprococcus	1.0	1.0	24.5	134.25	836.0	1.0	174.75	340.5	568.5	1533.0
d__Bacteria;p__Firmicutes;c__Clostridia;o__Lachnospirales;f__Lachnospiraceae;g__Cuneatibacter	1.0	1.0	1.0	1.0	7.0	1.0	1.0	1.0	1.0	1.0
d__Bacteria;p__Firmicutes;c__Clostridia;o__Oscillospirales;f__Oscillospiraceae;g__Flavonifractor	1.0	8.75	22.0	50.5	434.0	1.0	1.0	1.0	9.75	86.0
d__Bacteria;p__Firmicutes;c__Clostridia;o__Lachnospirales;f__Lachnospiraceae;g__[Eubacterium]_xylanophilum_group	1.0	1.0	1.0	5.75	76.0	1.0	1.0	12.5	32.5	161.0
d__Bacteria;p__Firmicutes;c__Clostridia;o__Christensenellales;f__Christensenellaceae;g__Christensenellaceae_R-7_group	1.0	1.0	1.0	21.0	2294.0	1.0	43.0	66.5	179.75	738.0
d__Bacteria;p__Firmicutes;c__Clostridia;o__Peptostreptococcales-Tissierellales;f__Anaerovoracaceae;g__Family_XIII_UCG-001	1.0	1.0	1.0	1.0	1.0	1.0	1.0	1.0	1.0	10.0
d__Bacteria;p__Actinobacteriota;c__Coriobacteriia;o__Coriobacteriales;f__Eggerthellaceae;g__Slackia	1.0	1.0	1.0	1.0	120.0	1.0	1.0	1.0	6.25	52.0
d__Bacteria;p__Actinobacteriota;c__Coriobacteriia;o__Coriobacteriales;f__Eggerthellaceae;g__Enterorhabdus	1.0	1.0	1.0	1.0	1.0	1.0	1.0	1.0	1.0	42.0
d__Bacteria;p__Firmicutes;c__Clostridia;o__Peptostreptococcales-Tissierellales;f__Anaerovoracaceae;g__[Eubacterium]_nodatum_group	1.0	1.0	1.0	1.0	17.0	1.0	1.0	1.0	1.0	1.0
d__Bacteria;p__Actinobacteriota;c__Coriobacteriia;o__Coriobacteriales;f__Eggerthellaceae;g__CHKCI002	1.0	1.0	1.0	1.0	1.0	1.0	1.0	1.0	1.0	18.0
d__Bacteria;p__Actinobacteriota;c__Coriobacteriia;o__Coriobacteriales;f__Coriobacteriaceae;g__Collinsella	1.0	1.0	1.0	229.5	892.0	1.0	79.25	183.0	355.5	662.0
d__Bacteria;p__Actinobacteriota;c__Coriobacteriia;o__Coriobacteriales;f__Eggerthellaceae;g__Gordonibacter	1.0	1.0	1.0	2.5	21.0	1.0	1.0	1.0	3.75	11.0
d__Bacteria;p__Actinobacteriota;c__Coriobacteriia;o__Coriobacteriales;f__Eggerthellaceae;g__Adlercreutzia	1.0	1.0	1.0	1.0	8.0	1.0	1.0	1.0	1.0	6.0
d__Bacteria;p__Firmicutes;c__Clostridia;o__Clostridia;__;__	1.0	1.0	1.0	1.0	1.0	1.0	1.0	1.0	1.0	42.0
d__Bacteria;p__Firmicutes;c__Clostridia;o__Peptostreptococcales-Tissierellales;f__Family_XI;g__Peptoniphilus	1.0	1.0	1.0	1.0	15.0	1.0	1.0	1.0	1.0	8.0
d__Bacteria;p__Actinobacteriota;c__Coriobacteriia;o__Coriobacteriales;f__Atopobiaceae;g__uncultured	1.0	1.0	1.0	1.0	1.0	1.0	1.0	1.0	1.0	80.0
d__Bacteria;p__Actinobacteriota;c__Coriobacteriia;o__Coriobacteriales;__;__	1.0	1.0	1.0	1.0	1.0	1.0	1.0	1.0	1.0	10.0
d__Bacteria;p__Firmicutes;c__Clostridia;o__Peptostreptococcales-Tissierellales;f__Family_XI;g__Murdochiella	1.0	1.0	1.0	1.0	3.0	1.0	1.0	1.0	1.0	1.0
d__Bacteria;p__Firmicutes;c__Clostridia;o__Peptostreptococcales-Tissierellales;f__Peptostreptococcaceae;g__Romboutsia	1.0	1.0	18.5	120.75	705.0	1.0	42.25	233.5	418.5	1348.0
d__Bacteria;p__Firmicutes;c__Clostridia;o__Peptostreptococcales-Tissierellales;f__Peptostreptococcaceae;__	1.0	1.0	1.0	1.0	110.0	1.0	1.0	1.0	1.0	1.0
d__Bacteria;p__Firmicutes;c__Clostridia;o__Peptostreptococcales-Tissierellales;f__Peptostreptococcaceae;g__Intestinibacter	1.0	9.0	44.5	126.75	1124.0	1.0	16.5	62.0	142.0	381.0
d__Bacteria;p__Firmicutes;c__Clostridia;o__Peptostreptococcales-Tissierellales;f__Peptostreptococcaceae;g__Peptostreptococcus	1.0	1.0	1.0	1.0	66.0	1.0	1.0	1.0	1.0	4.0
d__Bacteria;p__Firmicutes;c__Clostridia;o__Peptostreptococcales-Tissierellales;f__Peptostreptococcaceae;g__Terrisporobacter	1.0	1.0	1.0	1.0	238.0	1.0	1.0	16.5	85.25	511.0
d__Bacteria;p__Proteobacteria;c__Gammaproteobacteria;o__Burkholderiales;f__Sutterellaceae;g__Sutterella	1.0	1.0	1.0	1.0	11.0	1.0	1.0	1.0	6.5	21.0
d__Bacteria;p__Actinobacteriota;c__Actinobacteria;o__Corynebacteriales;f__Corynebacteriaceae;g__Corynebacterium	1.0	1.0	1.0	1.0	4.0	1.0	1.0	1.0	1.0	44.0
d__Bacteria;p__Proteobacteria;c__Gammaproteobacteria;o__Burkholderiales;f__Neisseriaceae;g__Conchiformibius	1.0	1.0	1.0	1.0	13.0	1.0	1.0	1.0	1.0	1.0
d__Bacteria;p__Proteobacteria;c__Gammaproteobacteria;o__Burkholderiales;f__Sutterellaceae;g__Parasutterella	1.0	1.0	2.0	19.75	113.0	1.0	1.0	1.0	16.75	191.0
d__Bacteria;p__Actinobacteriota;c__Actinobacteria;o__Corynebacteriales;f__Corynebacteriaceae;g__Lawsonella	1.0	1.0	1.0	1.0	1.0	1.0	1.0	1.0	1.0	7.0
d__Bacteria;p__Actinobacteriota;c__Actinobacteria;o__Corynebacteriales;f__Corynebacteriaceae;__	1.0	1.0	1.0	1.0	10.0	1.0	1.0	1.0	1.0	107.0
d__Bacteria;p__Firmicutes;c__Bacilli;o__Erysipelotrichales;f__Erysipelotrichaceae;g__Solobacterium	1.0	1.0	1.0	1.0	1.0	1.0	1.0	1.0	1.0	44.0
d__Bacteria;p__Firmicutes;c__Bacilli;o__Lactobacillales;f__Streptococcaceae;g__Streptococcus	1.0	1.0	6.0	20.75	300.0	1.0	1.0	5.0	16.5	2309.0
d__Bacteria;p__Firmicutes;c__Bacilli;o__Lactobacillales;f__Streptococcaceae;g__Lactococcus	1.0	1.0	1.0	5.75	23.0	1.0	1.0	1.0	1.0	29.0
d__Bacteria;p__Firmicutes;c__Clostridia;o__Monoglobales;f__Monoglobaceae;g__Monoglobus	1.0	1.0	28.0	104.75	352.0	1.0	17.25	28.5	53.5	144.0
d__Bacteria;p__Firmicutes;c__Bacilli;o__Erysipelotrichales;f__Erysipelotrichaceae;g__Faecalitalea	1.0	1.0	1.0	18.75	610.0	1.0	1.0	1.0	1.0	1.0
d__Bacteria;p__Firmicutes;c__Bacilli;o__Erysipelotrichales;f__Erysipelotrichaceae;g__[Clostridium]_innocuum_group	1.0	1.0	5.5	12.0	341.0	1.0	1.0	1.0	1.0	16.0
d__Bacteria;p__Firmicutes;c__Clostridia;o__Oscillospirales;f__UCG-010;g__UCG-010	1.0	1.0	1.0	1.0	64.0	1.0	1.0	4.0	13.0	121.0
d__Bacteria;p__Firmicutes;c__Bacilli;o__Erysipelotrichales;f__Erysipelatoclostridiaceae;g__UCG-004	1.0	1.0	1.0	1.0	5.0	1.0	1.0	1.0	1.0	1.0
d__Bacteria;p__Firmicutes;c__Bacilli;o__Staphylococcales;f__Staphylococcaceae;g__Staphylococcus	1.0	1.0	1.0	1.0	1.0	1.0	1.0	1.0	1.0	17.0
d__Bacteria;p__Firmicutes;c__Bacilli;o__Erysipelotrichales;f__Erysipelotrichaceae;g__Dielma	1.0	1.0	1.0	1.0	21.0	1.0	1.0	1.0	1.0	5.0
d__Bacteria;p__Firmicutes;c__Bacilli;o__Erysipelotrichales;f__Erysipelotrichaceae;__	1.0	1.0	1.0	1.0	93.0	1.0	1.0	1.0	1.0	18.0
d__Bacteria;p__Firmicutes;c__Clostridia;o__Clostridiales;f__Clostridiaceae;g__Sarcina	1.0	1.0	1.0	1.0	14.0	1.0	1.0	1.0	1.0	158.0
d__Bacteria;p__Firmicutes;c__Clostridia;o__Oscillospirales;f__Butyricicoccaceae;g__UCG-009	1.0	1.0	1.0	1.0	12.0	1.0	1.0	1.0	4.75	43.0
d__Bacteria;p__Firmicutes;c__Clostridia;o__Oscillospirales;f__Oscillospiraceae;g__NK4A214_group	1.0	1.0	1.0	20.75	316.0	1.0	18.0	54.0	103.5	338.0
d__Bacteria;p__Firmicutes;c__Clostridia;o__Oscillospirales;f__Oscillospiraceae;g__Colidextribacter	1.0	1.0	5.5	20.0	153.0	1.0	1.0	2.5	9.0	29.0
d__Bacteria;p__Firmicutes;c__Clostridia;o__Oscillospirales;f__Oscillospiraceae;g__Intestinimonas	1.0	1.0	1.0	1.0	5.0	1.0	1.0	1.0	5.5	23.0
d__Bacteria;p__Firmicutes;c__Bacilli;o__Lactobacillales;f__Lactobacillaceae;g__Pediococcus	1.0	1.0	1.0	1.0	741.0	1.0	1.0	1.0	1.0	1.0
d__Bacteria;p__Firmicutes;c__Bacilli;o__Lactobacillales;f__Lactobacillaceae;g__Lacticaseibacillus	1.0	1.0	1.0	1.0	10.0	1.0	1.0	1.0	1.0	1.0
d__Bacteria;p__Firmicutes;c__Bacilli;o__Lactobacillales;f__Lactobacillaceae;g__Ligilactobacillus	1.0	1.0	1.0	1.0	84.0	1.0	1.0	1.0	13.75	788.0
d__Bacteria;p__Firmicutes;c__Negativicutes;o__Veillonellales-Selenomonadales;f__Veillonellaceae;g__Anaeroglobus	1.0	1.0	1.0	1.0	3.0	1.0	1.0	1.0	1.0	1.0
d__Bacteria;p__Firmicutes;c__Clostridia;o__Oscillospirales;f__Ruminococcaceae;g__Negativibacillus	1.0	1.0	1.0	10.0	182.0	1.0	1.0	1.0	4.0	68.0
d__Bacteria;p__Firmicutes;c__Clostridia;o__Oscillospirales;f__Ruminococcaceae;g__Paludicola	1.0	1.0	1.0	1.0	1.0	1.0	1.0	1.0	1.0	19.0
d__Bacteria;p__Firmicutes;c__Clostridia;o__Oscillospirales;f__Ruminococcaceae;g__[Eubacterium]_siraeum_group	1.0	1.0	1.0	1.0	123.0	1.0	1.0	5.0	20.75	402.0
d__Bacteria;p__Firmicutes;c__Negativicutes;o__Acidaminococcales;f__Acidaminococcaceae;g__Acidaminococcus	1.0	1.0	1.0	1.0	1276.0	1.0	1.0	1.0	1.0	1.0
d__Bacteria;p__Firmicutes;c__Negativicutes;o__Veillonellales-Selenomonadales;f__Veillonellaceae;g__Veillonella	1.0	1.0	1.0	10.75	1511.0	1.0	1.0	1.0	9.75	55.0
d__Bacteria;p__Firmicutes;c__Negativicutes;o__Veillonellales-Selenomonadales;f__Veillonellaceae;g__Allisonella	1.0	1.0	1.0	1.0	1.0	1.0	1.0	1.0	1.0	22.0
d__Bacteria;p__Firmicutes;c__Negativicutes;o__Veillonellales-Selenomonadales;f__Veillonellaceae;g__Dialister	1.0	1.0	19.0	179.75	663.0	1.0	1.0	16.0	150.75	1042.0
d__Bacteria;p__Firmicutes;c__Negativicutes;o__Veillonellales-Selenomonadales;f__Veillonellaceae;__	1.0	1.0	1.0	1.0	56.0	1.0	1.0	1.0	1.0	96.0
d__Bacteria;p__Firmicutes;c__Bacilli;o__Staphylococcales;f__Gemellaceae;g__Gemella	1.0	1.0	1.0	1.0	10.0	1.0	1.0	1.0	1.0	14.0
d__Bacteria;p__Firmicutes;c__Negativicutes;o__Veillonellales-Selenomonadales;__;__	1.0	1.0	1.0	1.0	25.0	1.0	1.0	1.0	1.0	1.0
d__Bacteria;p__Firmicutes;c__Negativicutes;o__Veillonellales-Selenomonadales;f__Veillonellaceae;g__Megasphaera	1.0	1.0	1.0	1.0	1534.0	1.0	1.0	1.0	1.0	5.0
d__Bacteria;p__Firmicutes;c__Clostridia;o__Clostridiales;f__Clostridiaceae;g__Clostridium_sensu_stricto_1	1.0	1.0	8.0	61.25	658.0	1.0	31.0	127.0	210.5	586.0
d__Bacteria;p__Firmicutes;c__Clostridia;o__Oscillospirales;f__Hungateiclostridiaceae;__	1.0	1.0	1.0	1.0	1.0	1.0	1.0	1.0	1.0	5.0
d__Bacteria;p__Firmicutes;c__Clostridia;o__Oscillospirales;f__Oscillospiraceae;g__UCG-002	1.0	1.0	7.5	251.75	1065.0	1.0	164.75	398.0	603.75	1737.0
d__Bacteria;p__Firmicutes;c__Clostridia;o__Oscillospirales;f__Oscillospiraceae;g__UCG-003	1.0	1.0	1.0	23.0	272.0	1.0	19.25	46.0	69.5	114.0
d__Bacteria;p__Firmicutes;c__Clostridia;o__Oscillospirales;f__Oscillospiraceae;g__Oscillibacter	1.0	1.0	15.0	37.0	249.0	1.0	1.0	9.5	25.25	49.0
d__Bacteria;p__Firmicutes;c__Bacilli;o__Lactobacillales;f__Lactobacillaceae;g__Lactobacillus	1.0	1.0	1.0	1.0	7.0	1.0	1.0	1.0	1.0	121.0
d__Bacteria;p__Firmicutes;c__Bacilli;o__Lactobacillales;__;__	1.0	1.0	1.0	1.0	357.0	1.0	1.0	1.0	1.0	341.0
d__Bacteria;p__Firmicutes;c__Bacilli;o__Erysipelotrichales;f__Erysipelatoclostridiaceae;g__Candidatus_Stoquefichus	1.0	1.0	1.0	1.0	147.0	1.0	1.0	1.0	1.0	5.0
d__Bacteria;p__Firmicutes;c__Bacilli;o__Erysipelotrichales;f__Erysipelatoclostridiaceae;g__Coprobacillus	1.0	1.0	1.0	1.0	13.0	1.0	1.0	1.0	1.0	15.0
d__Bacteria;p__Firmicutes;c__Bacilli;o__Erysipelotrichales;f__Erysipelatoclostridiaceae;__	1.0	1.0	1.0	1.0	4.0	1.0	1.0	1.0	1.0	1.0
d__Bacteria;p__Firmicutes;c__Bacilli;o__Erysipelotrichales;f__Erysipelatoclostridiaceae;g__Catenibacterium	1.0	1.0	1.0	1.0	1998.0	1.0	1.0	1.0	1.0	894.0
d__Bacteria;p__Firmicutes;c__Bacilli;o__Erysipelotrichales;f__Erysipelotrichaceae;g__Merdibacter	1.0	1.0	1.0	1.0	26.0	1.0	1.0	1.0	1.0	1.0
d__Bacteria;p__Firmicutes;c__Bacilli;o__Erysipelotrichales;f__Erysipelotrichaceae;g__Holdemanella	1.0	1.0	1.0	1.0	272.0	1.0	1.0	4.0	211.25	845.0
d__Bacteria;p__Firmicutes;c__Bacilli;o__Erysipelotrichales;f__Erysipelotrichaceae;g__Turicibacter	1.0	1.0	2.5	12.0	181.0	1.0	1.0	3.5	15.25	93.0
d__Bacteria;p__Firmicutes;c__Bacilli;o__Erysipelotrichales;f__Erysipelatoclostridiaceae;g__Erysipelotrichaceae_UCG-003	1.0	1.0	21.5	116.75	505.0	1.0	10.0	45.0	82.75	375.0
d__Bacteria;p__Firmicutes;c__Bacilli;o__Erysipelotrichales;f__Erysipelotrichaceae;g__Holdemania	1.0	1.0	1.0	1.0	8.0	1.0	1.0	1.0	1.0	10.0
d__Bacteria;p__Firmicutes;c__uncultured;o__uncultured;f__uncultured;g__uncultured	1.0	1.0	1.0	1.0	1.0	1.0	1.0	1.0	1.0	7.0
d__Bacteria;p__Firmicutes;c__Negativicutes;o__Acidaminococcales;f__Acidaminococcaceae;g__Phascolarctobacterium	1.0	1.0	1.0	126.75	1269.0	1.0	1.0	50.5	175.75	510.0
d__Bacteria;p__Firmicutes;c__Bacilli;o__Lactobacillales;f__Aerococcaceae;g__Abiotrophia	1.0	1.0	1.0	1.0	1.0	1.0	1.0	1.0	1.0	5.0
d__Bacteria;p__Verrucomicrobiota;c__Lentisphaeria;o__Victivallales;f__vadinBE97;g__vadinBE97	1.0	1.0	1.0	1.0	1.0	1.0	1.0	1.0	1.0	8.0
d__Bacteria;p__Verrucomicrobiota;c__Lentisphaeria;o__Victivallales;f__Victivallaceae;g__Victivallis	1.0	1.0	1.0	1.0	1.0	1.0	1.0	1.0	1.0	7.0
d__Bacteria;p__Firmicutes;c__Clostridia;o__Lachnospirales;f__Lachnospiraceae;g__GCA-900066755	1.0	1.0	1.0	1.0	1.0	1.0	1.0	1.0	1.0	6.0
d__Bacteria;p__Firmicutes;c__Clostridia;o__Lachnospirales;f__Lachnospiraceae;g__Lachnospira	1.0	9.75	59.5	240.0	688.0	1.0	38.0	65.0	177.5	637.0
d__Bacteria;p__Firmicutes;c__Clostridia;o__Lachnospirales;f__Lachnospiraceae;g__[Eubacterium]_eligens_group	1.0	1.0	1.0	116.75	1010.0	1.0	14.5	56.0	121.75	523.0
d__Bacteria;p__Firmicutes;c__Clostridia;o__Lachnospirales;f__Lachnospiraceae;g__[Eubacterium]_hallii_group	1.0	23.25	123.5	273.5	529.0	1.0	126.0	186.5	254.0	693.0
d__Bacteria;p__Firmicutes;c__Clostridia;o__Peptostreptococcales-Tissierellales;f__Anaerovoracaceae;g__S5-A14a	1.0	1.0	1.0	1.0	16.0	1.0	1.0	1.0	1.0	1.0
d__Bacteria;p__Firmicutes;c__Clostridia;o__Lachnospirales;f__Lachnospiraceae;g__[Eubacterium]_ventriosum_group	1.0	1.0	14.0	31.75	100.0	1.0	18.0	29.5	50.0	171.0
d__Bacteria;p__Firmicutes;c__Clostridia;o__Lachnospirales;f__Lachnospiraceae;g__Howardella	1.0	1.0	1.0	1.0	15.0	1.0	1.0	1.0	1.0	24.0
d__Bacteria;p__Firmicutes;c__Clostridia;o__Peptostreptococcales-Tissierellales;f__Family_XI;g__Helcococcus	1.0	1.0	1.0	1.0	3.0	1.0	1.0	1.0	1.0	1.0
d__Bacteria;p__Actinobacteriota;c__Coriobacteriia;o__Coriobacteriales;f__Eggerthellaceae;g__Senegalimassilia	1.0	1.0	1.0	1.0	106.0	1.0	1.0	12.0	49.75	188.0
d__Bacteria;p__Actinobacteriota;c__Coriobacteriia;o__Coriobacteriales;f__Atopobiaceae;g__Libanicoccus	1.0	1.0	1.0	1.0	1.0	1.0	1.0	1.0	1.0	24.0
d__Bacteria;p__Firmicutes;c__Clostridia;o__Peptostreptococcales-Tissierellales;f__Family_XI;g__Parvimonas	1.0	1.0	1.0	1.0	8.0	1.0	1.0	1.0	1.0	4.0
d__Bacteria;p__Firmicutes;c__Clostridia;o__Lachnospirales;f__Lachnospiraceae;g__Roseburia	1.0	1.0	24.0	54.25	310.0	1.0	42.0	83.5	195.25	948.0
d__Bacteria;p__Firmicutes;c__Clostridia;o__Lachnospirales;f__Lachnospiraceae;g__Agathobacter	1.0	15.0	520.5	1051.75	5502.0	1.0	247.75	437.0	1159.25	3397.0
d__Bacteria;p__Firmicutes;c__Clostridia;o__Lachnospirales;f__Lachnospiraceae;g__[Ruminococcus]_torques_group	1.0	3.25	88.5	188.5	2915.0	1.0	111.25	219.5	360.0	1473.0
d__Bacteria;p__Firmicutes;c__Clostridia;o__Lachnospirales;f__Lachnospiraceae;g__Lachnospiraceae_ND3007_group	1.0	1.0	5.5	126.5	574.0	1.0	50.5	83.5	160.25	806.0
d__Bacteria;p__Firmicutes;c__Clostridia;o__Lachnospirales;f__Lachnospiraceae;g__Tyzzerella	1.0	1.0	1.0	13.0	704.0	1.0	1.0	4.5	25.75	329.0
d__Bacteria;p__Firmicutes;c__Clostridia;o__Lachnospirales;f__Lachnospiraceae;g__[Eubacterium]_ruminantium_group	1.0	1.0	1.0	1.0	47.0	1.0	1.0	1.0	22.5	198.0
d__Bacteria;p__Fusobacteriota;c__Fusobacteriia;o__Fusobacteriales;f__Fusobacteriaceae;g__Fusobacterium	1.0	1.0	1.0	1.0	260.0	1.0	1.0	1.0	1.0	1.0
d__Bacteria;p__Firmicutes;c__Bacilli;o__Lactobacillales;f__Lactobacillaceae;g__Leuconostoc	1.0	1.0	1.0	1.0	7.0	1.0	1.0	1.0	1.0	1.0
d__Bacteria;p__Firmicutes;c__Bacilli;o__Lactobacillales;f__Lactobacillaceae;g__Weissella	1.0	1.0	1.0	1.0	4.0	1.0	1.0	1.0	1.0	5.0
